{
    "sentiment": {
        "accuracy": 0.4954545454545455,
        "macro_precision": 0.4097860433702391,
        "macro_recall": 0.3424431380212228,
        "macro_f1": 0.25101392362482267,
        "weighted_precision": 0.4437452716615463,
        "weighted_recall": 0.4954545454545455,
        "weighted_f1": 0.3509171373468793
    },
    "class_report": {
        "positive": {
            "precision": 0.5,
            "recall": 0.03625377643504532,
            "f1": 0.0676056338028169,
            "support": 331
        },
        "negative": {
            "precision": 0.49858889934148637,
            "recall": 0.977859778597786,
            "f1": 0.660436137071651,
            "support": 542
        },
        "neutral": {
            "precision": 0.23076923076923078,
            "recall": 0.013215859030837005,
            "f1": 0.025,
            "support": 227
        }
    },
    "confusion_matrix": [
        [
            12,
            314,
            5
        ],
        [
            7,
            530,
            5
        ],
        [
            5,
            219,
            3
        ]
    ],
    "regression": {
        "rating": {
            "mse": 0.9626665020749883,
            "rmse": 0.9811556971627837,
            "mae": 0.7739553424025236,
            "r2": 0.012734262622368542,
            "pearson_r": 0.11989536342178385,
            "spearman_rho": 0.10300583856028112
        },
        "delight": {
            "mse": 1.0058651792276685,
            "rmse": 1.0029283021371311,
            "mae": 0.8014350937673641,
            "r2": 0.00046575503137225027,
            "pearson_r": 0.06182658952557373,
            "spearman_rho": 0.042432835109499197
        },
        "anger": {
            "mse": 2.3877564173289936,
            "rmse": 1.5452366865076022,
            "mae": 1.4103663408540992,
            "r2": 0.03251717097627693,
            "pearson_r": 0.20198950499176047,
            "spearman_rho": 0.152892679918351
        },
        "sorrow": {
            "mse": 1.142564156484529,
            "rmse": 1.068907927037932,
            "mae": 0.8141393930963025,
            "r2": 0.0201799113902148,
            "pearson_r": 0.15474321081444542,
            "spearman_rho": 0.06671013910156955
        },
        "happiness": {
            "mse": 2.1203865227450964,
            "rmse": 1.4561547042622554,
            "mae": 1.2345929091911625,
            "r2": 0.007667134590077285,
            "pearson_r": 0.08847484597450998,
            "spearman_rho": 0.055624031140086544
        }
    }
}