{
    "sentiment": {
        "accuracy": 0.7381818181818182,
        "macro_precision": 0.7110439874045871,
        "macro_recall": 0.7043056045503825,
        "macro_f1": 0.7073926959879921,
        "weighted_precision": 0.7360551815460574,
        "weighted_recall": 0.7381818181818182,
        "weighted_f1": 0.7368207520732071
    },
    "class_report": {
        "positive": {
            "precision": 0.7287066246056783,
            "recall": 0.6978851963746223,
            "f1": 0.7129629629629629,
            "support": 331
        },
        "negative": {
            "precision": 0.7925531914893617,
            "recall": 0.8247232472324724,
            "f1": 0.8083182640144665,
            "support": 542
        },
        "neutral": {
            "precision": 0.6118721461187214,
            "recall": 0.5903083700440529,
            "f1": 0.600896860986547,
            "support": 227
        }
    },
    "confusion_matrix": [
        [
            231,
            58,
            42
        ],
        [
            52,
            447,
            43
        ],
        [
            34,
            59,
            134
        ]
    ],
    "regression": {
        "rating": {
            "mse": 0.44184136390686035,
            "rmse": 0.6647114892243554,
            "mae": 0.5192465782165527,
            "r2": 0.5468681454658508,
            "pearson_r": 0.7471473217010498,
            "spearman_rho": 0.7357154836535771
        },
        "delight": {
            "mse": 0.5990737676620483,
            "rmse": 0.7739985579198765,
            "mae": 0.45024996995925903,
            "r2": 0.40469682216644287,
            "pearson_r": 0.6427852511405945,
            "spearman_rho": 0.4861140107413409
        },
        "anger": {
            "mse": 1.1497055292129517,
            "rmse": 1.0722432229736645,
            "mae": 0.7035427093505859,
            "r2": 0.5341566801071167,
            "pearson_r": 0.750105619430542,
            "spearman_rho": 0.697856501547136
        },
        "sorrow": {
            "mse": 0.7386361956596375,
            "rmse": 0.8594394659658338,
            "mae": 0.5475912094116211,
            "r2": 0.36657339334487915,
            "pearson_r": 0.6202417612075806,
            "spearman_rho": 0.5040669052570904
        },
        "happiness": {
            "mse": 1.0431162118911743,
            "rmse": 1.0213306085157607,
            "mae": 0.5853341221809387,
            "r2": 0.5118255615234375,
            "pearson_r": 0.7251105904579163,
            "spearman_rho": 0.6289242109370631
        }
    }
}