{
    "sentiment": {
        "accuracy": 0.7645454545454545,
        "macro_precision": 0.7417023765399646,
        "macro_recall": 0.7132812631345766,
        "macro_f1": 0.7207867928670556,
        "weighted_precision": 0.7582671115471901,
        "weighted_recall": 0.7645454545454545,
        "weighted_f1": 0.7567949279067856
    },
    "class_report": {
        "positive": {
            "precision": 0.748587570621469,
            "recall": 0.8006042296072508,
            "f1": 0.7737226277372263,
            "support": 331
        },
        "negative": {
            "precision": 0.797274275979557,
            "recall": 0.8634686346863468,
            "f1": 0.829052258635961,
            "support": 542
        },
        "neutral": {
            "precision": 0.6792452830188679,
            "recall": 0.47577092511013214,
            "f1": 0.5595854922279793,
            "support": 227
        }
    },
    "confusion_matrix": [
        [
            265,
            43,
            23
        ],
        [
            46,
            468,
            28
        ],
        [
            43,
            76,
            108
        ]
    ],
    "regression": {
        "rating": {
            "mse": 0.40903881192207336,
            "rmse": 0.6395614215398497,
            "mae": 0.48875892162323,
            "r2": 0.5805089473724365,
            "pearson_r": 0.7644500732421875,
            "spearman_rho": 0.7510332414512418
        },
        "delight": {
            "mse": 0.6016476154327393,
            "rmse": 0.7756594713098908,
            "mae": 0.40751025080680847,
            "r2": 0.40213918685913086,
            "pearson_r": 0.6557548642158508,
            "spearman_rho": 0.518285652606476
        },
        "anger": {
            "mse": 1.0096601247787476,
            "rmse": 1.0048184536416256,
            "mae": 0.6246689558029175,
            "r2": 0.5909010171890259,
            "pearson_r": 0.7768635153770447,
            "spearman_rho": 0.7201007610025659
        },
        "sorrow": {
            "mse": 0.6113542318344116,
            "rmse": 0.7818914450449063,
            "mae": 0.4331207275390625,
            "r2": 0.4757256507873535,
            "pearson_r": 0.699313759803772,
            "spearman_rho": 0.558311670569815
        },
        "happiness": {
            "mse": 0.9589798450469971,
            "rmse": 0.9792751630910472,
            "mae": 0.5365256667137146,
            "r2": 0.5512010455131531,
            "pearson_r": 0.7526035308837891,
            "spearman_rho": 0.6514618057790296
        }
    }
}