{
    "sentiment": {
        "accuracy": 0.7436363636363637,
        "macro_precision": 0.7158518174877013,
        "macro_recall": 0.7018350620574494,
        "macro_f1": 0.704525597640079,
        "weighted_precision": 0.7411536242121995,
        "weighted_recall": 0.7436363636363637,
        "weighted_f1": 0.7393995382356126
    },
    "class_report": {
        "positive": {
            "precision": 0.6886543535620053,
            "recall": 0.7885196374622356,
            "f1": 0.7352112676056338,
            "support": 331
        },
        "negative": {
            "precision": 0.8131868131868132,
            "recall": 0.8191881918819188,
            "f1": 0.8161764705882353,
            "support": 542
        },
        "neutral": {
            "precision": 0.6457142857142857,
            "recall": 0.4977973568281938,
            "f1": 0.5621890547263682,
            "support": 227
        }
    },
    "confusion_matrix": [
        [
            261,
            46,
            24
        ],
        [
            60,
            444,
            38
        ],
        [
            58,
            56,
            113
        ]
    ],
    "regression": {
        "rating": {
            "mse": 0.43641403317451477,
            "rmse": 0.6606164039550598,
            "mae": 0.5105718374252319,
            "r2": 0.5524341464042664,
            "pearson_r": 0.747896134853363,
            "spearman_rho": 0.738916228890441
        },
        "delight": {
            "mse": 0.648605227470398,
            "rmse": 0.8053603090979825,
            "mae": 0.4320605397224426,
            "r2": 0.35547709465026855,
            "pearson_r": 0.6397149562835693,
            "spearman_rho": 0.5136994844507186
        },
        "anger": {
            "mse": 1.0192638635635376,
            "rmse": 1.0095859862159031,
            "mae": 0.6247844696044922,
            "r2": 0.5870096683502197,
            "pearson_r": 0.776840090751648,
            "spearman_rho": 0.7229320606898841
        },
        "sorrow": {
            "mse": 0.679432213306427,
            "rmse": 0.8242767819770414,
            "mae": 0.4483479857444763,
            "r2": 0.41734451055526733,
            "pearson_r": 0.66581130027771,
            "spearman_rho": 0.521355327967912
        },
        "happiness": {
            "mse": 1.036361813545227,
            "rmse": 1.0180185722987705,
            "mae": 0.5687463283538818,
            "r2": 0.514986515045166,
            "pearson_r": 0.7345931529998779,
            "spearman_rho": 0.6461288056809268
        }
    }
}