{
    "sentiment": {
        "accuracy": 0.9327272727272727,
        "macro_precision": 0.9300806694954508,
        "macro_recall": 0.9177016477699015,
        "macro_f1": 0.9234295276566518,
        "weighted_precision": 0.9324677133666586,
        "weighted_recall": 0.9327272727272727,
        "weighted_f1": 0.9322540775123589
    },
    "class_report": {
        "positive": {
            "precision": 0.9335347432024169,
            "recall": 0.9335347432024169,
            "f1": 0.9335347432024169,
            "support": 331
        },
        "negative": {
            "precision": 0.9372759856630825,
            "recall": 0.9649446494464945,
            "f1": 0.9509090909090909,
            "support": 542
        },
        "neutral": {
            "precision": 0.919431279620853,
            "recall": 0.8546255506607929,
            "f1": 0.8858447488584474,
            "support": 227
        }
    },
    "confusion_matrix": [
        [
            309,
            14,
            8
        ],
        [
            10,
            523,
            9
        ],
        [
            12,
            21,
            194
        ]
    ],
    "regression": {
        "rating": {
            "mse": 0.13217702507972717,
            "rmse": 0.3635615836137355,
            "mae": 0.25760552287101746,
            "r2": 0.8644454479217529,
            "pearson_r": 0.9315649271011353,
            "spearman_rho": 0.910861579202312
        },
        "delight": {
            "mse": 0.19240041077136993,
            "rmse": 0.4386347122280337,
            "mae": 0.1814238727092743,
            "r2": 0.8088105916976929,
            "pearson_r": 0.9028639793395996,
            "spearman_rho": 0.6908451797540219
        },
        "anger": {
            "mse": 0.2659436762332916,
            "rmse": 0.5156972718885486,
            "mae": 0.24973322451114655,
            "r2": 0.8922436237335205,
            "pearson_r": 0.9453134536743164,
            "spearman_rho": 0.8674462434541211
        },
        "sorrow": {
            "mse": 0.2206026166677475,
            "rmse": 0.4696835282056925,
            "mae": 0.21601076424121857,
            "r2": 0.8108195066452026,
            "pearson_r": 0.9065650701522827,
            "spearman_rho": 0.6802425416863943
        },
        "happiness": {
            "mse": 0.26096391677856445,
            "rmse": 0.5108462750951254,
            "mae": 0.21233375370502472,
            "r2": 0.8778698444366455,
            "pearson_r": 0.9381033182144165,
            "spearman_rho": 0.7971178451850693
        }
    }
}