{
    "sentiment": {
        "accuracy": 0.7345454545454545,
        "macro_precision": 0.7036803374262327,
        "macro_recall": 0.7050726494994031,
        "macro_f1": 0.7023335691580056,
        "weighted_precision": 0.7374168324269249,
        "weighted_recall": 0.7345454545454545,
        "weighted_f1": 0.7341217489256101
    },
    "class_report": {
        "positive": {
            "precision": 0.6796875,
            "recall": 0.7885196374622356,
            "f1": 0.73006993006993,
            "support": 331
        },
        "negative": {
            "precision": 0.8294117647058824,
            "recall": 0.7804428044280443,
            "f1": 0.8041825095057035,
            "support": 542
        },
        "neutral": {
            "precision": 0.6019417475728155,
            "recall": 0.5462555066079295,
            "f1": 0.5727482678983834,
            "support": 227
        }
    },
    "confusion_matrix": [
        [
            261,
            34,
            36
        ],
        [
            73,
            423,
            46
        ],
        [
            50,
            53,
            124
        ]
    ],
    "regression": {
        "rating": {
            "mse": 0.4812564253807068,
            "rmse": 0.6937264773530752,
            "mae": 0.5321771502494812,
            "r2": 0.5064458847045898,
            "pearson_r": 0.7319797873497009,
            "spearman_rho": 0.7161082732954894
        },
        "delight": {
            "mse": 0.7078058123588562,
            "rmse": 0.8413119590014493,
            "mae": 0.49568015336990356,
            "r2": 0.29664915800094604,
            "pearson_r": 0.6039173007011414,
            "spearman_rho": 0.5250529381152597
        },
        "anger": {
            "mse": 1.209459900856018,
            "rmse": 1.099754472987502,
            "mae": 0.7000657916069031,
            "r2": 0.5099451541900635,
            "pearson_r": 0.7358241081237793,
            "spearman_rho": 0.6942143042351504
        },
        "sorrow": {
            "mse": 0.7766978740692139,
            "rmse": 0.8813046431678514,
            "mae": 0.5428286194801331,
            "r2": 0.33393311500549316,
            "pearson_r": 0.6241369843482971,
            "spearman_rho": 0.5175197579018649
        },
        "happiness": {
            "mse": 1.2623182535171509,
            "rmse": 1.123529373677943,
            "mae": 0.6593350768089294,
            "r2": 0.40923982858657837,
            "pearson_r": 0.7072048187255859,
            "spearman_rho": 0.6382907520084322
        }
    }
}